{
  "format_version": "1.8.0",
  "render_controllers": {
    "controller.render.citizen": {
      "arrays": {
        "textures": {
          "Array.skins": [
            "Texture.c1",
            "Texture.c2",
            "Texture.c3",
            "Texture.c4",
            "Texture.c5"
          ]
        }
      },
      "geometry": "Geometry.default",
      "materials": [
        {
          "*": "Material.default"
        }
      ],
      "textures": [
        "Array.skins[query.variant]"
      ]
    }
  }
}