{
  "format_version": "1.10.0",
  "minecraft:client_entity": {
    "description": {
      "identifier": "hl2:city_scanner",
      "materials": {
        "default": "bee"
      },
      "textures": {
        "default": "textures/entity/valve/hl2_city_scanner"
      },
      "geometry": {
        "default": "geometry.hl2_city_scanner"
      },
      "animations": {
        "flying": "animation.bee.flying",
        "drip": "controller.animation.bee.drip",
        "controller_bee_sting": "controller.animation.bee.sting",
        "bee_sting": "animation.bee.sting",
        "bee_no_stinger": "animation.bee.no_stinger",
        "bee_fly_bobbing": "animation.bee.fly.bobbing",
        "bee_root_controller": "controller.animation.bee.root"
      },
      "scripts": {
        "animate": [
          "bee_root_controller",
          {
            "bee_no_stinger": "query.mark_variant \u003d\u003d 1"
          }
        ]
      },
      "render_controllers": [
        "controller.render.bee"
      ],
      "spawn_egg": {
        "texture": "hl2:city_scanner",
        "texture_index": 0
      }
    }
  }
}