{
  "format_version": "1.8.0",
  "minecraft:client_entity": {
    "description": {
      "identifier": "hl2:gman",
      "materials": {
        "default": "skeleton"
      },
      "textures": {
        "default": "textures/entity/valve/hl2_gman"
      },
      "geometry": {
        "default": "geometry.hl2_gman"
      },
      "scripts": {
        "pre_animation": [
          "variable.tcos0 \u003d (Math.cos(query.modified_distance_moved * 38.17) * query.modified_move_speed / variable.gliding_speed_value) * 57.3;"
        ]
      },
      "spawn_egg": {
        "texture": "hl2:gman",
        "texture_index": 0
      },
      "render_controllers": [
        "controller.render.armor_stand"
      ],
      "enable_attachables": true
    }
  }
}