{
  "format_version": "1.13.0",
  "minecraft:entity": {
    "description": {
      "identifier": "hl2:city_scanner",
      "is_spawnable": true,
      "is_summonable": true,
      "is_experimental": false
    },
    "components": {
      "minecraft:behavior.random_hover": {
        "priority": 11,
        "xz_dist ": 4,
        "y_dist": 4,
        "y_offset": -1,
        "interval": 1,
        "hover_height": [
          1,
          2
        ]
      },
      "minecraft:leashable": {
        "soft_distance": 2.0,
        "hard_distance": 3.0,
        "max_distance": 5.0
      },
      "minecraft:behavior.float": {
        "priority": 0
      },
      "minecraft:type_family": {
        "family": [
          "combine"
        ]
      },
      "minecraft:breathable": {
        "totalSupply": 15,
        "suffocateTime": 0
      },
      "minecraft:collision_box": {
        "width": 0.55,
        "height": 0.5
      },
      "minecraft:follow_range": {
        "value": 16
      },
      "minecraft:damage_sensor": {
        "triggers": {
          "cause": "fall",
          "deals_damage": false
        }
      },
      "minecraft:hurt_on_condition": {
        "damage_conditions": [
          {
            "filters": {
              "test": "in_lava",
              "subject": "self",
              "operator": "\u003d\u003d",
              "value": true
            },
            "cause": "lava",
            "damage_per_tick": 4
          }
        ]
      },
      "minecraft:movement": {
        "value": 0.3
      },
      "minecraft:flying_speed": {
        "value": 0.02
      },
      "minecraft:navigation.hover": {
        "can_path_over_water": true,
        "can_sink": false,
        "can_path_from_air": true,
        "avoid_water": true,
        "avoid_damage_blocks": true,
        "avoid_sun": false
      },
      "minecraft:movement.hover": {},
      "minecraft:jump.static": {},
      "minecraft:can_fly": {},
      "minecraft:health": {
        "value": 10,
        "max": 10
      },
      "minecraft:nameable": {
        "alwaysShow": false,
        "allowNameTagRenaming": true
      },
      "minecraft:physics": {},
      "minecraft:pushable": {
        "is_pushable": true,
        "is_pushable_by_piston": true
      },
      "minecraft:experience_reward": {
        "on_death": "query.last_hit_by_player ? 0 : 0"
      },
      "minecraft:scale": {
        "value": 1.5
      },
      "minecraft:hurt_when_wet": {
        "value": true
      },
      "minecraft:behavior.float_wander": {
        "random_reselect": true,
        "priority": 2
      },
      "minecraft:movement.generic": {},
      "minecraft:navigation.fly": {},
      "minecraft:movement.glide": {
        "start_speed": 0.1,
        "speed_when_turning": 0.2
      },
      "minecraft:behavior.ranged_attack": {
        "attack_interval_min": 1,
        "attack_interval_max": 20,
        "attack_radius": 6,
        "burst_shots": 1,
        "burst_interval": 0.5
      },
      "minecraft:shooter": {
        "type": "Flash",
        "def": "hl2:flash"
      },
      "minecraft:behavior.nearest_attackable_target": {
        "priority": 3,
        "within_radius": 7,
        "must_reach": false,
        "entity_types": [
          {
            "filters": {
              "any_of": [
                {
                  "test": "is_family",
                  "subject": "other",
                  "value": "player"
                }
              ]
            },
            "max_dist": 5,
            "must_see": true
          }
        ],
        "must_see": true,
        "speed_multiplier": 1.0
      },
      "minecraft:behavior.hurt_by_target": {
        "priority": 3,
        "entity_types": {
          "filters": {
            "test": "is_family",
            "subject": "other",
            "operator": "!\u003d",
            "value": "combine"
          }
        }
      },
      "minecraft:behavior.owner_hurt_by_target": {
        "priority": 1
      },
      "minecraft:behavior.owner_hurt_target": {
        "priority": 2
      },
      "minecraft:can_climb": {}
    }
  }
}