{
  "format_version": "1.10.0",
  "minecraft:entity": {
    "description": {
      "identifier": "hl2:zombie",
      "is_spawnable": true,
      "is_summonable": true,
      "is_experimental": false
    },
    "components": {
      "minecraft:behavior.random_look_around": {
        "priority": 7
      },
      "minecraft:behavior.random_stroll": {
        "speed_multiplier": 1,
        "priority": 6
      },
      "minecraft:jump.static": {},
      "minecraft:behavior.stomp_turtle_egg": {
        "interval": 20,
        "search_count": 4,
        "search_height": 3,
        "goal_radius": 1.13,
        "priority": 4,
        "speed_multiplier": 1,
        "search_range": 10
      },
      "minecraft:health": {
        "max": 12,
        "value": 12
      },
      "minecraft:behavior.look_at_player": {
        "look_distance": 6,
        "probability": 0.02,
        "priority": 7
      },
      "minecraft:movement": {
        "max": 0.23,
        "value": 0.23
      },
      "minecraft:breathable": {
        "totalSupply": 15,
        "breathesWater": true,
        "generatesBubbles": false,
        "breathesAir": true,
        "suffocateTime": -1
      },
      "minecraft:experience_reward": {
        "on_bred": "10",
        "on_death": "query.last_hit_by_player ? 0 : 0"
      },
      "minecraft:annotation.break_door": {},
      "minecraft:environment_sensor": {
        "filters": {
          "operator": "\u003d\u003d",
          "value": true,
          "test": "is_underwater"
        },
        "event": "minecraft:start_transforming"
      },
      "minecraft:can_climb": {},
      "minecraft:physics": {},
      "minecraft:nameable": {
        "allow_name_tag_renaming": false,
        "always_show": false,
        "alwaysShow": false,
        "allowNameTagRenaming": false
      },
      "minecraft:type_family": {
        "family": [
          "zombie"
        ]
      },
      "minecraft:movement.basic": {},
      "minecraft:navigation.walk": {
        "can_pass_doors": true,
        "can_walk": true,
        "can_break_doors": true,
        "is_amphibious": true
      },
      "minecraft:behavior.hurt_by_target": {
        "priority": 3
      },
      "minecraft:behavior.nearest_attackable_target": {
        "priority": 2,
        "must_see": true,
        "reselect_targets": true,
        "within_radius": 8,
        "must_see_forget_duration": 17.0,
        "entity_types": [
          {
            "filters": {
              "any_of": [
                {
                  "test": "is_family",
                  "subject": "other",
                  "value": "adult_piglin"
                },
                {
                  "test": "is_family",
                  "subject": "other",
                  "value": "baby_turtle"
                },
                {
                  "test": "is_family",
                  "subject": "other",
                  "value": "cavespider"
                },
                {
                  "test": "is_family",
                  "subject": "other",
                  "value": "chicken"
                },
                {
                  "test": "is_family",
                  "subject": "other",
                  "value": "citizen"
                },
                {
                  "test": "is_family",
                  "subject": "other",
                  "value": "combine"
                },
                {
                  "test": "is_family",
                  "subject": "other",
                  "value": "cow"
                },
                {
                  "test": "is_family",
                  "subject": "other",
                  "value": "creeper"
                },
                {
                  "test": "is_family",
                  "subject": "other",
                  "value": "dolphin"
                },
                {
                  "test": "is_family",
                  "subject": "other",
                  "value": "donkey"
                },
                {
                  "test": "is_family",
                  "subject": "other",
                  "value": "drowned"
                },
                {
                  "test": "is_family",
                  "subject": "other",
                  "value": "enderman"
                },
                {
                  "test": "is_family",
                  "subject": "other",
                  "value": "endermite"
                },
                {
                  "test": "is_family",
                  "subject": "other",
                  "value": "evocation_illager"
                },
                {
                  "test": "is_family",
                  "subject": "other",
                  "value": "fish"
                },
                {
                  "test": "is_family",
                  "subject": "other",
                  "value": "guardian"
                },
                {
                  "test": "is_family",
                  "subject": "other",
                  "value": "guardian_elder"
                },
                {
                  "test": "is_family",
                  "subject": "other",
                  "value": "hoglin"
                },
                {
                  "test": "is_family",
                  "subject": "other",
                  "value": "hoglin_baby"
                },
                {
                  "test": "is_family",
                  "subject": "other",
                  "value": "horse"
                },
                {
                  "test": "is_family",
                  "subject": "other",
                  "value": "husk"
                },
                {
                  "test": "is_family",
                  "subject": "other",
                  "value": "irongolem"
                },
                {
                  "test": "is_family",
                  "subject": "other",
                  "value": "llama"
                },
                {
                  "test": "is_family",
                  "subject": "other",
                  "value": "magmacube"
                },
                {
                  "test": "is_family",
                  "subject": "other",
                  "value": "mule"
                },
                {
                  "test": "is_family",
                  "subject": "other",
                  "value": "mushroomcow"
                },
                {
                  "test": "is_family",
                  "subject": "other",
                  "value": "ocelot"
                },
                {
                  "test": "is_family",
                  "subject": "other",
                  "value": "panda"
                },
                {
                  "test": "is_family",
                  "subject": "other",
                  "value": "parrot_tame"
                },
                {
                  "test": "is_family",
                  "subject": "other",
                  "value": "parrot_wild"
                },
                {
                  "test": "is_family",
                  "subject": "other",
                  "value": "pig"
                },
                {
                  "test": "is_family",
                  "subject": "other",
                  "value": "piglin_brute"
                },
                {
                  "test": "is_family",
                  "subject": "other",
                  "value": "pillager"
                },
                {
                  "test": "is_family",
                  "subject": "other",
                  "value": "player"
                },
                {
                  "test": "is_family",
                  "subject": "other",
                  "value": "pufferfish"
                },
                {
                  "test": "is_family",
                  "subject": "other",
                  "value": "rabbit"
                },
                {
                  "test": "is_family",
                  "subject": "other",
                  "value": "ravager"
                },
                {
                  "test": "is_family",
                  "subject": "other",
                  "value": "sheep"
                },
                {
                  "test": "is_family",
                  "subject": "other",
                  "value": "shulker"
                },
                {
                  "test": "is_family",
                  "subject": "other",
                  "value": "silverfish"
                },
                {
                  "test": "is_family",
                  "subject": "other",
                  "value": "skeleton"
                },
                {
                  "test": "is_family",
                  "subject": "other",
                  "value": "skeletonhorse"
                },
                {
                  "test": "is_family",
                  "subject": "other",
                  "value": "slime"
                },
                {
                  "test": "is_family",
                  "subject": "other",
                  "value": "snowgolem"
                },
                {
                  "test": "is_family",
                  "subject": "other",
                  "value": "spider"
                },
                {
                  "test": "is_family",
                  "subject": "other",
                  "value": "stray"
                },
                {
                  "test": "is_family",
                  "subject": "other",
                  "value": "strider"
                },
                {
                  "test": "is_family",
                  "subject": "other",
                  "value": "strider_baby"
                },
                {
                  "test": "is_family",
                  "subject": "other",
                  "value": "turtle"
                },
                {
                  "test": "is_family",
                  "subject": "other",
                  "value": "villager"
                },
                {
                  "test": "is_family",
                  "subject": "other",
                  "value": "vindicator"
                },
                {
                  "test": "is_family",
                  "subject": "other",
                  "value": "wandering_trader"
                },
                {
                  "test": "is_family",
                  "subject": "other",
                  "value": "witch"
                },
                {
                  "test": "is_family",
                  "subject": "other",
                  "value": "wither"
                },
                {
                  "test": "is_family",
                  "subject": "other",
                  "value": "wolf"
                }
              ]
            },
            "max_dist": 12
          },
          {
            "filters": {
              "any_of": [
                {
                  "test": "is_family",
                  "subject": "other",
                  "value": "villager"
                },
                {
                  "test": "is_family",
                  "subject": "other",
                  "value": "wandering_trader"
                }
              ]
            },
            "max_dist": 35,
            "must_see": false
          },
          {
            "filters": {
              "all_of": [
                {
                  "test": "is_family",
                  "subject": "other",
                  "value": "baby_turtle"
                },
                {
                  "test": "in_water",
                  "subject": "other",
                  "operator": "!\u003d",
                  "value": true
                }
              ]
            },
            "max_dist": 35
          }
        ]
      },
      "minecraft:scale": {
        "value": 1
      },
      "minecraft:collision_box": {
        "width": 0.5,
        "height": 1.8
      },
      "minecraft:behavior.move_towards_restriction": {
        "speed_multiplier": 1,
        "priority": 5
      },
      "minecraft:behavior.owner_hurt_by_target": {
        "priority": 1
      },
      "minecraft:behavior.owner_hurt_target": {
        "priority": 2
      },
      "minecraft:behavior.float": {
        "priority": 2,
        "speed_multiplier": 1.0
      },
      "minecraft:equip_item": {},
      "minecraft:attack": {
        "damage": 3
      },
      "minecraft:behavior.melee_attack": {
        "priority": 2,
        "speed_multiplier": 1.0,
        "target_dist": 0.0,
        "max_dist": 3,
        "random_stop_interval": 100,
        "track_target": false,
        "reach_multiplier": 1.4
      },
      "minecraft:loot": {
        "table": "loot_tables/entities/hl2_zombie.json"
      }
    }
  }
}