{
  "entity_sounds": {
    "entities": {
      "hl2:zombine": {
        "volume": 1.0,
        "pitch": [
          1.0
        ],
        "events": {
          "ambient": "mob.hl2_zombine.say",
          "attack": "mob.hl2_zombie.attack",
          "hurt": "mob.hl2_zombie.hurt",
          "death": "mob.hl2_zombine.death",
          "step": "mob.hl2_zombine.step"
        }
      },
      "hl2:headcrab": {
        "volume": 1.0,
        "pitch": [
          1.0
        ],
        "events": {
          "ambient": "mob.hl2_headcrab.idle",
          "attack": "mob.hl2_headcrab.attack",
          "hurt": "mob.hl2_headcrab.hurt",
          "death": "mob.hl2_headcrab.death"
        }
      },
      "hl2:zombie": {
        "volume": 1.0,
        "pitch": [
          1.0
        ],
        "events": {
          "ambient": "mob.hl2_zombie.say",
          "attack": "mob.hl2_zombie.attack",
          "hurt": "mob.hl2_zombie.hurt",
          "death": "mob.hl2_zombie.death",
          "step": "mob.hl2_zombie.step"
        }
      },
      "hl2:combine_soldier": {
        "volume": 1.0,
        "pitch": [
          1.0
        ],
        "events": {
          "ambient": "mob.hl2_combine.idle",
          "death": "mob.hl2_combine.death",
          "hurt": "mob.hl2_combine.hit",
          "step": "mob.hl2_combine.step",
          "shoot": "mob.hl2_combine_soldier.shot"
        }
      },
      "hl2:combine_prison_guard": {
        "volume": 1.0,
        "pitch": [
          1.0
        ],
        "events": {
          "ambient": "mob.hl2_combine.idle",
          "death": "mob.hl2_combine.death",
          "hurt": "mob.hl2_combine.hit",
          "step": "mob.hl2_combine.step",
          "shoot": "mob.hl2_combine_soldier.shot"
        }
      },
      "hl2:combine_elite": {
        "volume": 1.0,
        "pitch": [
          1.0
        ],
        "events": {
          "ambient": "mob.hl2_combine.idle",
          "death": "mob.hl2_combine.death",
          "hurt": "mob.hl2_combine.hit",
          "step": "mob.hl2_combine.step",
          "shoot": "mob.hl2_combine_elite.shot"
        }
      },
      "hl2:combine_shotgun_soldier": {
        "volume": 1.0,
        "pitch": [
          1.0
        ],
        "events": {
          "ambient": "mob.hl2_combine.idle",
          "death": "mob.hl2_combine.death",
          "hurt": "mob.hl2_combine.hit",
          "step": "mob.hl2_combine.step",
          "shoot": "mob.hl2_combine_shotgun.shot"
        }
      },
      "hl2:combine_prison_shotgun_guard": {
        "volume": 1.0,
        "pitch": [
          1.0
        ],
        "events": {
          "ambient": "mob.hl2_combine.idle",
          "death": "mob.hl2_combine.death",
          "hurt": "mob.hl2_combine.hit",
          "step": "mob.hl2_combine.step",
          "shoot": "mob.hl2_combine_shotgun.shot"
        }
      },
      "hl2:city_scanner": {
        "volume": 1.0,
        "pitch": [
          1.0
        ],
        "events": {
          "hurt": "mob.hl2_city_scanner.hurt",
          "death": "mob.hl2_city_scanner.death",
          "shoot": "mob.hl2_city_scanner.shot",
          "loop": "mob.hl2_city_scanner.ambient",
          "sting": "mob.hl2_city_scanner.ambient",
          "pollinate": "mob.hl2_city_scanner.ambient",
          "idle": "mob.hl2_city_scanner.ambient",
          "say": "mob.hl2_city_scanner.ambient",
          "ambient": "mob.hl2_city_ambient",
          "ambient.pollinate": "mob.hl2_city_ambient"
        }
      },
      "hl2:civil_protection_hostile": {
        "volume": 1.0,
        "pitch": [
          1.0
        ],
        "events": {
          "ambient": "mob.hl2_civil_protection_hostile.idle",
          "death": "mob.hl2_civil_protection_neutral.death",
          "hurt": "mob.hl2_civil_protection_neutral.hit",
          "step": "mob.hl2_citizen_male.step",
          "shoot": "mob.hl2_civil_protection_hostile.shot"
        }
      },
      "hl2:citizen_male": {
        "volume": 1.0,
        "pitch": [
          1.0
        ],
        "events": {
          "death": "mob.hl2_citizen_male.death",
          "hurt": "mob.hl2_citizen_male.hit",
          "step": "mob.hl2_citizen_male.step"
        }
      },
      "hl2:citizen_female": {
        "volume": 1.0,
        "pitch": [
          1.0
        ],
        "events": {
          "death": "mob.hl2_citizen_female.death",
          "hurt": "mob.hl2_citizen_female.hit",
          "step": "mob.hl2_citizen_male.step"
        }
      },
      "hl2:rebel_male": {
        "volume": 1.0,
        "pitch": [
          1.0
        ],
        "events": {
          "death": "mob.hl2_citizen_male.death",
          "hurt": "mob.hl2_citizen_male.hit",
          "step": "mob.hl2_citizen_male.step",
          "shoot": "mob.hl2_combine_soldier.shot",
          "eat": "mob.hl2_rebel_male.eat"
        }
      },
      "hl2:medic_male": {
        "volume": 1.0,
        "pitch": [
          1.0
        ],
        "events": {
          "death": "mob.hl2_citizen_male.death",
          "hurt": "mob.hl2_citizen_male.hit",
          "step": "mob.hl2_citizen_male.step",
          "shoot": "mob.hl2_combine_soldier.shot",
          "eat": "mob.hl2_rebel_male.eat",
          "haggle": "mob.hl2_medic_male.haggle",
          "haggle.yes": "mob.hl2_medic_male.yes"
        }
      },
      "hl2:civil_protection_neutral": {
        "volume": 1.0,
        "pitch": [
          1.0
        ],
        "events": {
          "ambient": "mob.hl2_civil_protection_neutral.idle",
          "death": "mob.hl2_civil_protection_neutral.death",
          "hurt": "mob.hl2_civil_protection_neutral.hit",
          "step": "mob.hl2_citizen_male.step",
          "attack": "mob.hl2_civil_protection_neutral.attack"
        }
      },
      "hl2:rebel_female": {
        "volume": 1.0,
        "pitch": [
          1.0
        ],
        "events": {
          "shoot": "mob.hl2_combine_soldier.shot",
          "death": "mob.hl2_citizen_female.death",
          "hurt": "mob.hl2_citizen_female.hit",
          "step": "mob.hl2_citizen_male.step",
          "eat": "mob.hl2_rebel_female.eat"
        }
      },
      "hl2:wallace_breen": {
        "volume": 1.0,
        "pitch": [
          1.0
        ],
        "events": {
          "death": "mob.hl2_citizen_male.death",
          "hurt": "mob.hl2_citizen_male.hit",
          "step": "mob.hl2_citizen_male.step"
        }
      },
      "hl2:barney_calhoun": {
        "volume": 1.0,
        "pitch": [
          1.0
        ],
        "events": {
          "death": "mob.hl2_barney_calhoun.death",
          "hurt": "mob.hl2_barney_calhoun.hit",
          "eat": "mob.hl2_barney_calhoun.eat",
          "step": "mob.hl2_citizen_male.step",
          "shoot": "mob.hl2_barney_calhoun.shot"
        }
      },
      "hl2:medic_female": {
        "volume": 1.0,
        "pitch": [
          1.0
        ],
        "events": {
          "death": "mob.hl2_citizen_female.death",
          "hurt": "mob.hl2_citizen_female.hit",
          "step": "mob.hl2_citizen_male.step",
          "shoot": "mob.hl2_combine_soldier.shot",
          "eat": "mob.hl2_rebel_female.eat",
          "haggle": "mob.hl2_medic_female.haggle",
          "haggle.yes": "mob.hl2_medic_female.yes"
        }
      },
      "hl2:judith_mossman": {
        "volume": 1.0,
        "pitch": [
          1.0
        ],
        "events": {
          "death": "mob.hl2_citizen_female.death",
          "hurt": "mob.hl2_citizen_female.hit",
          "step": "mob.hl2_citizen_male.step"
        }
      },
      "hl2:alyx_vance": {
        "volume": 1.0,
        "pitch": [
          1.0
        ],
        "events": {
          "death": "mob.hl2_citizen_female.death",
          "hurt": "mob.hl2_alyx_vance.hit",
          "eat": "mob.hl2_alyx_vance.eat",
          "step": "mob.hl2_citizen_male.step",
          "shoot": "mob.hl2_alyx_vance.shot"
        }
      },
      "hl2:eli_vance": {
        "volume": 1.0,
        "pitch": [
          1.0
        ],
        "events": {
          "death": "mob.hl2_citizen_male.death",
          "hurt": "mob.hl2_citizen_male.hit",
          "step": "mob.hl2_citizen_male.step"
        }
      },
      "hl2:father_grigori": {
        "volume": 1.0,
        "pitch": [
          1.0
        ],
        "events": {
          "ambient": "mob.hl2_father_grigori.idle",
          "death": "mob.hl2_father_grigori.death",
          "hurt": "mob.hl2_father_grigori.hit",
          "step": "mob.hl2_citizen_male.step",
          "shoot": "mob.hl2_combine_shotgun.shot",
          "eat": "mob.hl2_father_grigori.eat"
        }
      },
      "hl2:odessa_cubbage": {
        "volume": 1.0,
        "pitch": [
          1.0
        ],
        "events": {
          "death": "mob.hl2_citizen_male.death",
          "hurt": "mob.hl2_citizen_male.hit",
          "step": "mob.hl2_citizen_male.step"
        }
      },
      "hl2:arne_magnusson": {
        "volume": 1.0,
        "pitch": [
          1.0
        ],
        "events": {
          "death": "mob.hl2_citizen_male.death",
          "hurt": "mob.hl2_citizen_male.hit",
          "step": "mob.hl2_citizen_male.step"
        }
      },
      "hl2:gman": {
        "volume": 1.0,
        "pitch": [
          1.0
        ],
        "events": {
          "death": "mob.hl2_gman.death"
        }
      },
      "hl2:isaac_kleiner": {
        "volume": 1.0,
        "pitch": [
          1.0
        ],
        "events": {
          "death": "mob.hl2_isaac_kleiner.death",
          "hurt": "mob.hl2_citizen_male.hit",
          "step": "mob.hl2_citizen_male.step"
        }
      }
    }
  }
}