{
  "mob.hl2_combine.idle": {
    "category": "neutral",
    "sounds": [
      "sounds/mob/hl2_combine_elite/idle",
      "sounds/mob/hl2_combine_elite/idle2",
      "sounds/mob/hl2_combine_elite/idle3",
      "sounds/mob/hl2_combine_elite/idle4",
      "sounds/mob/hl2_combine_elite/idle5",
      "sounds/mob/hl2_combine_elite/idle6"
    ]
  },
  "mob.hl2_combine.step": {
    "category": "neutral",
    "sounds": [
      "sounds/mob/hl2_combine_elite/step",
      "sounds/mob/hl2_combine_elite/step2",
      "sounds/mob/hl2_combine_elite/step3",
      "sounds/mob/hl2_combine_elite/step4",
      "sounds/mob/hl2_combine_elite/step5"
    ]
  },
  "mob.hl2_combine.death": {
    "category": "neutral",
    "sounds": [
      "sounds/mob/hl2_combine_elite/death",
      "sounds/mob/hl2_combine_elite/death2",
      "sounds/mob/hl2_combine_elite/death3"
    ]
  },
  "mob.hl2_combine.hit": {
    "category": "neutral",
    "sounds": [
      "sounds/mob/hl2_combine_elite/hit",
      "sounds/mob/hl2_combine_elite/hit2",
      "sounds/mob/hl2_combine_elite/hit3"
    ]
  },
  "mob.hl2_city_scanner.pollinate": {
    "category": "neutral",
    "sounds": [
      "sounds/mob/hl2_city_scanner/pollinate"
    ]
  },
  "mob.hl2_city_scanner.ambient": {
    "category": "neutral",
    "sounds": [
      "sounds/mob/hl2_city_scanner/ambient"
    ]
  },
  "mob.hl2_citizen_male.death": {
    "category": "neutral",
    "sounds": [
      "sounds/mob/hl2_citizen_male/death",
      "sounds/mob/hl2_citizen_male/death2",
      "sounds/mob/hl2_citizen_male/death3",
      "sounds/mob/hl2_citizen_male/death4",
      "sounds/mob/hl2_citizen_male/death5"
    ]
  },
  "mob.hl2_citizen_male.step": {
    "category": "neutral",
    "sounds": [
      "sounds/mob/hl2_citizen_male/step",
      "sounds/mob/hl2_citizen_male/step2",
      "sounds/mob/hl2_citizen_male/step3",
      "sounds/mob/hl2_citizen_male/step4"
    ]
  },
  "mob.hl2_rebel_male.eat": {
    "category": "neutral",
    "sounds": [
      "sounds/mob/hl2_citizen_male/eat",
      "sounds/mob/hl2_citizen_male/eat2",
      "sounds/mob/hl2_citizen_male/eat3",
      "sounds/mob/hl2_citizen_male/eat4"
    ]
  },
  "mob.hl2_rebel_female.eat": {
    "category": "neutral",
    "sounds": [
      "sounds/mob/hl2_citizen_female/eat",
      "sounds/mob/hl2_citizen_female/eat2",
      "sounds/mob/hl2_citizen_female/eat3",
      "sounds/mob/hl2_citizen_female/eat4"
    ]
  },
  "mob.hl2_zombine.step": {
    "category": "neutral",
    "sounds": [
      "sounds/mob/hl2_zombine/step",
      "sounds/mob/hl2_zombine/step2",
      "sounds/mob/hl2_zombine/step3"
    ]
  },
  "mob.hl2_zombine.death": {
    "category": "neutral",
    "sounds": [
      "sounds/mob/hl2_zombine/death",
      "sounds/mob/hl2_zombine/death2",
      "sounds/mob/hl2_zombine/death3"
    ]
  },
  "mob.hl2_civil_protection_neutral.death": {
    "category": "neutral",
    "sounds": [
      "sounds/mob/hl2_civil_protection_neutral/death",
      "sounds/mob/hl2_civil_protection_neutral/death2",
      "sounds/mob/hl2_civil_protection_neutral/death3"
    ]
  },
  "mob.hl2_civil_protection_neutral.attack": {
    "category": "neutral",
    "sounds": [
      "sounds/mob/hl2_civil_protection_neutral/attack",
      "sounds/mob/hl2_civil_protection_neutral/attack2"
    ]
  },
  "mob.hl2_zombie.death": {
    "category": "neutral",
    "sounds": [
      "sounds/mob/hl2_zombie/death",
      "sounds/mob/hl2_zombie/death2"
    ]
  },
  "mob.hl2_zombie.attack": {
    "category": "neutral",
    "sounds": [
      "sounds/mob/hl2_zombie/attack",
      "sounds/mob/hl2_zombie/attack2"
    ]
  },
  "mob.hl2_citizen_male.hit": {
    "category": "neutral",
    "sounds": [
      "sounds/mob/hl2_citizen_male/hit",
      "sounds/mob/hl2_citizen_male/hit2",
      "sounds/mob/hl2_citizen_male/hit3",
      "sounds/mob/hl2_citizen_male/hit4",
      "sounds/mob/hl2_citizen_male/hit5"
    ]
  },
  "mob.hl2_medic_male.haggle": {
    "category": "neutral",
    "sounds": [
      "sounds/mob/hl2_citizen_male/haggle",
      "sounds/mob/hl2_citizen_male/haggle2"
    ]
  },
  "mob.hl2_medic_male.yes": {
    "category": "neutral",
    "sounds": [
      "sounds/mob/hl2_citizen_male/yes",
      "sounds/mob/hl2_citizen_male/yes2",
      "sounds/mob/hl2_citizen_male/yes3"
    ]
  },
  "mob.hl2_headcrab.hurt": {
    "category": "neutral",
    "sounds": [
      "sounds/mob/hl2_headcrab/hurt",
      "sounds/mob/hl2_headcrab/hurt2",
      "sounds/mob/hl2_headcrab/hurt3"
    ]
  },
  "mob.hl2_headcrab.attack": {
    "category": "neutral",
    "sounds": [
      "sounds/mob/hl2_headcrab/attack",
      "sounds/mob/hl2_headcrab/attack2",
      "sounds/mob/hl2_headcrab/attack3"
    ]
  },
  "mob.hl2_zombie.step": {
    "category": "neutral",
    "sounds": [
      "sounds/mob/hl2_zombie/step",
      "sounds/mob/hl2_zombie/step2",
      "sounds/mob/hl2_zombie/step3"
    ]
  },
  "mob.hl2_headcrab.idle": {
    "category": "neutral",
    "sounds": [
      "sounds/mob/hl2_headcrab/idle",
      "sounds/mob/hl2_headcrab/idle2",
      "sounds/mob/hl2_headcrab/idle3",
      "sounds/mob/hl2_headcrab/idle4",
      "sounds/mob/hl2_headcrab/idle5"
    ]
  },
  "mob.hl2_headcrab.death": {
    "category": "neutral",
    "sounds": [
      "sounds/mob/hl2_headcrab/death",
      "sounds/mob/hl2_headcrab/death2"
    ]
  },
  "mob.hl2_civil_protection_neutral.idle": {
    "category": "neutral",
    "sounds": [
      "sounds/mob/hl2_civil_protection_neutral/idle",
      "sounds/mob/hl2_civil_protection_neutral/idle2",
      "sounds/mob/hl2_civil_protection_neutral/idle3",
      "sounds/mob/hl2_civil_protection_neutral/idle4",
      "sounds/mob/hl2_civil_protection_neutral/idle5"
    ]
  },
  "mob.hl2_zombie.hurt": {
    "category": "neutral",
    "sounds": [
      "sounds/mob/hl2_zombie/hurt",
      "sounds/mob/hl2_zombie/hurt2",
      "sounds/mob/hl2_zombie/hurt3",
      "sounds/mob/hl2_zombie/hurt4"
    ]
  },
  "mob.hl2_alyx_vance.hit": {
    "category": "neutral",
    "sounds": [
      "sounds/mob/hl2_alyx_vance/hit",
      "sounds/mob/hl2_alyx_vance/hit2",
      "sounds/mob/hl2_alyx_vance/hit3"
    ]
  },
  "mob.hl2_alyx_vance.eat": {
    "category": "neutral",
    "sounds": [
      "sounds/mob/hl2_alyx_vance/eat",
      "sounds/mob/hl2_alyx_vance/eat2"
    ]
  },
  "mob.hl2_city_scanner.death": {
    "category": "neutral",
    "sounds": [
      "sounds/mob/hl2_city_scanner/death"
    ]
  },
  "mob.hl2_zombie.say": {
    "category": "neutral",
    "sounds": [
      "sounds/mob/hl2_zombie/say",
      "sounds/mob/hl2_zombie/say2",
      "sounds/mob/hl2_zombie/say3"
    ]
  },
  "mob.hl2_citizen_female.hit": {
    "category": "neutral",
    "sounds": [
      "sounds/mob/hl2_citizen_female/hit",
      "sounds/mob/hl2_citizen_female/hit2",
      "sounds/mob/hl2_citizen_female/hit3",
      "sounds/mob/hl2_citizen_female/hit4",
      "sounds/mob/hl2_citizen_female/hit5"
    ]
  },
  "mob.hl2_medic_female.haggle": {
    "category": "neutral",
    "sounds": [
      "sounds/mob/hl2_citizen_female/haggle",
      "sounds/mob/hl2_citizen_female/haggle2"
    ]
  },
  "mob.hl2_medic_female.yes": {
    "category": "neutral",
    "sounds": [
      "sounds/mob/hl2_citizen_female/yes",
      "sounds/mob/hl2_citizen_female/yes2",
      "sounds/mob/hl2_citizen_female/yes3"
    ]
  },
  "mob.hl2_zombine.say": {
    "category": "neutral",
    "sounds": [
      "sounds/mob/hl2_zombine/say",
      "sounds/mob/hl2_zombine/say2",
      "sounds/mob/hl2_zombine/say3",
      "sounds/mob/hl2_zombine/say4"
    ]
  },
  "mob.hl2_city_scanner.hurt": {
    "category": "neutral",
    "sounds": [
      "sounds/mob/hl2_city_scanner/hurt",
      "sounds/mob/hl2_city_scanner/hurt2",
      "sounds/mob/hl2_city_scanner/hurt3"
    ]
  },
  "mob.hl2_civil_protection_neutral.hit": {
    "category": "neutral",
    "sounds": [
      "sounds/mob/hl2_civil_protection_neutral/hit",
      "sounds/mob/hl2_civil_protection_neutral/hit2",
      "sounds/mob/hl2_civil_protection_neutral/hit3",
      "sounds/mob/hl2_civil_protection_neutral/hit4"
    ]
  },
  "mob.hl2_civil_protection_hostile.idle": {
    "category": "neutral",
    "sounds": [
      "sounds/mob/hl2_civil_protection_hostile/idle",
      "sounds/mob/hl2_civil_protection_hostile/idle2",
      "sounds/mob/hl2_civil_protection_hostile/idle3",
      "sounds/mob/hl2_civil_protection_hostile/idle4"
    ]
  },
  "mob.hl2_gman.death": {
    "category": "neutral",
    "sounds": [
      "sounds/mob/hl2_gman/death"
    ]
  },
  "mob.hl2_combine_soldier.shot": {
    "category": "neutral",
    "sounds": [
      "sounds/mob/hl2_combine_soldier/shot",
      "sounds/mob/hl2_combine_soldier/shot2"
    ]
  },
  "mob.hl2_combine_shotgun.shot": {
    "category": "neutral",
    "sounds": [
      "sounds/mob/hl2_combine_shotgun_soldier/shot"
    ]
  },
  "mob.hl2_barney_calhoun.shot": {
    "category": "neutral",
    "sounds": [
      "sounds/mob/hl2_combine_elite/shot",
      "sounds/mob/hl2_combine_elite/shot2"
    ]
  },
  "mob.hl2_combine_elite.shot": {
    "category": "neutral",
    "sounds": [
      "sounds/mob/hl2_combine_elite/shot",
      "sounds/mob/hl2_combine_elite/shot2"
    ]
  },
  "mob.hl2_city_scanner.shot": {
    "category": "neutral",
    "sounds": [
      "sounds/mob/hl2_gman/shot"
    ]
  },
  "mob.hl2_alyx_vance.shot": {
    "category": "neutral",
    "sounds": [
      "sounds/mob/hl2_alyx_vance/shot",
      "sounds/mob/hl2_alyx_vance/shot2"
    ]
  },
  "mob.hl2_civil_protection_hostile.shot": {
    "category": "neutral",
    "sounds": [
      "sounds/mob/hl2_alyx_vance/shot",
      "sounds/mob/hl2_alyx_vance/shot2"
    ]
  },
  "mob.hl2_citizen_female.death": {
    "category": "neutral",
    "sounds": [
      "sounds/mob/hl2_citizen_female/death",
      "sounds/mob/hl2_citizen_female/death2",
      "sounds/mob/hl2_citizen_female/death3",
      "sounds/mob/hl2_citizen_female/death4",
      "sounds/mob/hl2_citizen_female/death5"
    ]
  },
  "mob.hl2_barney_calhoun.hit": {
    "category": "neutral",
    "sounds": [
      "sounds/mob/hl2_barney_calhoun/hit",
      "sounds/mob/hl2_barney_calhoun/hit2",
      "sounds/mob/hl2_barney_calhoun/hit3",
      "sounds/mob/hl2_barney_calhoun/hit4"
    ]
  },
  "mob.hl2_father_grigori.hit": {
    "category": "neutral",
    "sounds": [
      "sounds/mob/hl2_father_grigori/hit",
      "sounds/mob/hl2_father_grigori/hit2",
      "sounds/mob/hl2_father_grigori/hit3",
      "sounds/mob/hl2_father_grigori/hit4"
    ]
  },
  "mob.hl2_father_grigori.eat": {
    "category": "neutral",
    "sounds": [
      "sounds/mob/hl2_father_grigori/eat",
      "sounds/mob/hl2_father_grigori/eat2"
    ]
  },
  "mob.hl2_barney_calhoun.death": {
    "category": "neutral",
    "sounds": [
      "sounds/mob/hl2_barney_calhoun/death",
      "sounds/mob/hl2_barney_calhoun/death2",
      "sounds/mob/hl2_barney_calhoun/death3",
      "sounds/mob/hl2_barney_calhoun/death4"
    ]
  },
  "mob.hl2_barney_calhoun.eat": {
    "category": "neutral",
    "sounds": [
      "sounds/mob/hl2_barney_calhoun/eat",
      "sounds/mob/hl2_barney_calhoun/eat2"
    ]
  },
  "mob.hl2_father_grigori.death": {
    "category": "neutral",
    "sounds": [
      "sounds/mob/hl2_father_grigori/death",
      "sounds/mob/hl2_father_grigori/death2",
      "sounds/mob/hl2_father_grigori/death3",
      "sounds/mob/hl2_father_grigori/death4"
    ]
  },
  "mob.hl2_isaac_kleiner.death": {
    "category": "neutral",
    "sounds": [
      "sounds/mob/hl2_isaac_kleiner/death"
    ]
  },
  "mob.hl2_father_grigori.idle": {
    "category": "neutral",
    "sounds": [
      "sounds/mob/hl2_father_grigori/idle",
      "sounds/mob/hl2_father_grigori/idle2"
    ]
  },
  "hl2_pistol_9mm_shot": {
    "category": "neutral",
    "sounds": [
      "sounds/hl2_pistol_9mm_shot",
      "sounds/hl2_pistol_9mm_shot2"
    ]
  },
  "hl2_flash_shot": {
    "category": "neutral",
    "sounds": [
      "sounds/hl2_flash_shot"
    ]
  },
  "hl2_ar2_shot": {
    "category": "neutral",
    "sounds": [
      "sounds/hl2_ar2_shot",
      "sounds/hl2_ar2_shot2"
    ]
  },
  "hl2_shotgun_shot": {
    "category": "neutral",
    "sounds": [
      "sounds/hl2_shotgun_shot"
    ]
  },
  "hl2_smg_shot": {
    "category": "neutral",
    "sounds": [
      "sounds/hl2_smg_shot",
      "sounds/hl2_smg_shot2"
    ]
  }
}