{
  "format_version": "1.8.0",
  "minecraft:client_entity": {
    "description": {
      "identifier": "hl2:headcrab",
      "min_engine_version": "1.8.0",
      "materials": {
        "default": "rabbit"
      },
      "textures": {
        "brown": "textures/entity/valve/hl2_headcrab"
      },
      "geometry": {
        "default": "geometry.hl2_headcrab"
      },
      "animations": {
        "move": "animation.rabbit.move",
        "baby_transform": "animation.rabbit.baby_transform",
        "look_at_target": "animation.common.look_at_target"
      },
      "animation_controllers": [
        {
          "general": "controller.animation.rabbit.general"
        },
        {
          "baby": "controller.animation.rabbit.baby"
        }
      ],
      "render_controllers": [
        "controller.render.rabbit"
      ],
      "spawn_egg": {
        "texture": "hl2:headcrab",
        "texture_index": 0
      }
    }
  }
}