{
  "format_version": "1.8.0",
  "geometry.hl2_headcrab": {
    "visible_bounds_width": 1,
    "visible_bounds_height": 1,
    "visible_bounds_offset": [
      0,
      0.5,
      0
    ],
    "texturewidth": 64,
    "textureheight": 32,
    "bones": [
      {
        "name": "rearFootLeft",
        "pivot": [
          3.0,
          6.5,
          3.7
        ],
        "cubes": [
          {
            "origin": [
              2.0,
              0.0,
              0.0
            ],
            "size": [
              2.0,
              1.0,
              7.0
            ],
            "uv": [
              8,
              24
            ],
            "inflate": 0
          }
        ],
        "parent": "body",
        "mirror": true
      },
      {
        "name": "rearFootRight",
        "pivot": [
          -3.0,
          6.5,
          3.7
        ],
        "cubes": [
          {
            "origin": [
              -4.0,
              0.0,
              0.0
            ],
            "size": [
              2.0,
              1.0,
              7.0
            ],
            "uv": [
              26,
              24
            ],
            "inflate": 0
          }
        ],
        "parent": "body",
        "mirror": true
      },
      {
        "name": "haunchLeft",
        "pivot": [
          3.0,
          6.5,
          3.7
        ],
        "cubes": [
          {
            "origin": [
              2.0,
              2.5,
              3.7
            ],
            "size": [
              2.0,
              4.0,
              5.0
            ],
            "uv": [
              16,
              15
            ],
            "inflate": 0
          }
        ],
        "parent": "body",
        "mirror": true,
        "bind_pose_rotation": [
          -20.0,
          0.0,
          0.0
        ]
      },
      {
        "name": "haunchRight",
        "pivot": [
          -3.0,
          6.5,
          3.7
        ],
        "cubes": [
          {
            "origin": [
              -4.0,
              2.5,
              3.7
            ],
            "size": [
              2.0,
              4.0,
              5.0
            ],
            "uv": [
              30,
              15
            ],
            "inflate": 0
          }
        ],
        "parent": "body",
        "mirror": true,
        "bind_pose_rotation": [
          -20.0,
          0.0,
          0.0
        ]
      },
      {
        "name": "body",
        "pivot": [
          0.0,
          5.0,
          8.0
        ],
        "cubes": [
          {
            "origin": [
              -3.0,
              2.0,
              -2.0
            ],
            "size": [
              6.0,
              5.0,
              10.0
            ],
            "uv": [
              0,
              0
            ],
            "inflate": 0
          }
        ],
        "mirror": true,
        "bind_pose_rotation": [
          -20.0,
          0.0,
          0.0
        ]
      },
      {
        "name": "frontLegLeft",
        "pivot": [
          3.0,
          7.0,
          -1.0
        ],
        "cubes": [
          {
            "origin": [
              2.0,
              0.0,
              -2.0
            ],
            "size": [
              2.0,
              7.0,
              2.0
            ],
            "uv": [
              8,
              15
            ],
            "inflate": 0
          }
        ],
        "parent": "body",
        "mirror": true,
        "bind_pose_rotation": [
          -10.0,
          0.0,
          0.0
        ]
      },
      {
        "name": "frontLegRight",
        "pivot": [
          -3.0,
          7.0,
          -1.0
        ],
        "cubes": [
          {
            "origin": [
              -4.0,
              0.0,
              -2.0
            ],
            "size": [
              2.0,
              7.0,
              2.0
            ],
            "uv": [
              0,
              15
            ],
            "inflate": 0
          }
        ],
        "parent": "body",
        "mirror": true,
        "bind_pose_rotation": [
          -10.0,
          0.0,
          0.0
        ]
      }
    ]
  }
}