{
  "format_version": "1.10.0",
  "geometry.hl2_city_scanner": {
    "texturewidth": 64,
    "textureheight": 64,
    "visible_bounds_width": 1.5,
    "visible_bounds_height": 1.5,
    "visible_bounds_offset": [
      0,
      0.25,
      0
    ],
    "bones": [
      {
        "name": "body",
        "pivot": [
          0.5,
          5,
          0
        ],
        "cubes": [
          {
            "origin": [
              -3.0,
              2.0,
              -5.0
            ],
            "size": [
              7.0,
              7.0,
              10.0
            ],
            "uv": [
              0,
              0
            ],
            "inflate": 0
          },
          {
            "origin": [
              2.0,
              7.0,
              -8.0
            ],
            "size": [
              1.0,
              2.0,
              3.0
            ],
            "uv": [
              2,
              0
            ],
            "inflate": 0
          },
          {
            "origin": [
              -2.0,
              7.0,
              -8.0
            ],
            "size": [
              1.0,
              2.0,
              3.0
            ],
            "uv": [
              2,
              3
            ],
            "inflate": 0
          }
        ],
        "locators": {
          "lead": [
            0,
            4,
            -1
          ]
        }
      },
      {
        "name": "stinger",
        "pivot": [
          0.5,
          6,
          1
        ],
        "cubes": [
          {
            "origin": [
              0.5,
              5.0,
              5.0
            ],
            "size": [
              0.0,
              1.0,
              2.0
            ],
            "uv": [
              26,
              7
            ],
            "inflate": 0
          }
        ],
        "parent": "body"
      },
      {
        "name": "rightwing_bone",
        "pivot": [
          -1,
          9,
          -3
        ],
        "cubes": [
          {
            "origin": [
              -10.0,
              9.0,
              -3.0
            ],
            "size": [
              9.0,
              0.0,
              6.0
            ],
            "uv": [
              0,
              18
            ],
            "inflate": 0
          }
        ],
        "parent": "body"
      },
      {
        "name": "leftwing_bone",
        "pivot": [
          2,
          9,
          -3
        ],
        "cubes": [
          {
            "origin": [
              2.0,
              9.0,
              -3.0
            ],
            "size": [
              9.0,
              0.0,
              6.0
            ],
            "uv": [
              9,
              24
            ],
            "inflate": 0
          }
        ],
        "parent": "body",
        "rotation": [
          15,
          15,
          0
        ]
      },
      {
        "name": "leg_front",
        "pivot": [
          2,
          2,
          -2
        ],
        "cubes": [
          {
            "origin": [
              -3.0,
              0.0,
              -2.0
            ],
            "size": [
              7.0,
              2.0,
              0.0
            ],
            "uv": [
              26,
              1
            ],
            "inflate": 0
          }
        ],
        "parent": "body"
      },
      {
        "name": "leg_mid",
        "pivot": [
          2,
          2,
          0
        ],
        "cubes": [
          {
            "origin": [
              -3.0,
              0.0,
              0.0
            ],
            "size": [
              7.0,
              2.0,
              0.0
            ],
            "uv": [
              26,
              3
            ],
            "inflate": 0
          }
        ],
        "parent": "body"
      },
      {
        "name": "leg_back",
        "pivot": [
          2,
          2,
          2
        ],
        "cubes": [
          {
            "origin": [
              -3.0,
              0.0,
              2.0
            ],
            "size": [
              7.0,
              2.0,
              0.0
            ],
            "uv": [
              26,
              5
            ],
            "inflate": 0
          }
        ],
        "parent": "body"
      }
    ]
  }
}