{
  "resource_pack_name": "vanilla",
  "texture_name": "atlas.items",
  "texture_data": {
    "hl2_shotgun": {
      "textures": "textures/items/valve/hl2_shotgun"
    },
    "hl2:help": {
      "textures": "textures/items/valve/hl2_help"
    },
    "hl2_ar2": {
      "textures": "textures/items/valve/hl2_ar2"
    },
    "hl2_pistol_9mm": {
      "textures": "textures/items/valve/hl2_pistol_9mm"
    },
    "hl2_smg": {
      "textures": "textures/items/valve/hl2_smg"
    },
    "hl2_stun_stick": {
      "textures": "textures/items/valve/hl2_stun_stick"
    },
    "hl2_crowbar": {
      "textures": "textures/items/valve/hl2_crowbar"
    },
    "hl2:zombine": {
      "textures": "textures/items/valve/hl2_zombine"
    },
    "hl2:headcrab": {
      "textures": "textures/items/valve/hl2_headcrab"
    },
    "hl2:zombie": {
      "textures": "textures/items/valve/hl2_zombie"
    },
    "hl2:combine_soldier": {
      "textures": "textures/items/valve/hl2_combine_soldier"
    },
    "hl2:combine_shotgun_soldier": {
      "textures": "textures/items/valve/hl2_combine_shotgun_soldier"
    },
    "hl2:combine_prison_shotgun_guard": {
      "textures": "textures/items/valve/hl2_combine_prison_shotgun_guard"
    },
    "hl2:combine_elite": {
      "textures": "textures/items/valve/hl2_combine_elite"
    },
    "hl2:city_scanner": {
      "textures": "textures/items/valve/hl2_city_scanner"
    },
    "hl2:combine_prison_guard": {
      "textures": "textures/items/valve/hl2_combine_prison_guard"
    },
    "hl2:civil_protection_hostile": {
      "textures": "textures/items/valve/hl2_civil_protection_hostile"
    },
    "hl2:citizen_male": {
      "textures": "textures/items/valve/hl2_citizen_male"
    },
    "hl2:citizen_female": {
      "textures": "textures/items/valve/hl2_citizen_female"
    },
    "hl2:rebel_male": {
      "textures": "textures/items/valve/hl2_rebel_male"
    },
    "hl2:medic_male": {
      "textures": "textures/items/valve/hl2_medic_male"
    },
    "hl2:civil_protection_neutral": {
      "textures": "textures/items/valve/hl2_civil_protection_neutral"
    },
    "hl2:rebel_female": {
      "textures": "textures/items/valve/hl2_rebel_female"
    },
    "hl2:medic_female": {
      "textures": "textures/items/valve/hl2_medic_female"
    },
    "hl2:wallace_breen": {
      "textures": "textures/items/valve/hl2_wallace_breen"
    },
    "hl2:barney_calhoun": {
      "textures": "textures/items/valve/hl2_barney_calhoun"
    },
    "hl2:judith_mossman": {
      "textures": "textures/items/valve/hl2_judith_mossman"
    },
    "hl2:alyx_vance": {
      "textures": "textures/items/valve/hl2_alyx_vance"
    },
    "hl2:eli_vance": {
      "textures": "textures/items/valve/hl2_eli_vance"
    },
    "hl2:father_grigori": {
      "textures": "textures/items/valve/hl2_father_grigori"
    },
    "hl2:odessa_cubbage": {
      "textures": "textures/items/valve/hl2_odessa_cubbage"
    },
    "hl2:arne_magnusson": {
      "textures": "textures/items/valve/hl2_arne_magnusson"
    },
    "hl2:gman": {
      "textures": "textures/items/valve/hl2_gman"
    },
    "hl2:isaac_kleiner": {
      "textures": "textures/items/valve/hl2_isaac_kleiner"
    }
  }
}