{
  "format_version": "1.10.0",
  "minecraft:entity": {
    "component_groups": {
      "adult": {},
      "become_villager_v2": {
        "minecraft:transformation": {
          "into": "minecraft:villager_v2",
          "keep_level": true
        }
      },
      "citizen1": {
        "minecraft:variant": {
          "value": 0
        }
      },
      "citizen2": {
        "minecraft:variant": {
          "value": 1
        }
      },
      "citizen3": {
        "minecraft:variant": {
          "value": 2
        }
      },
      "citizen4": {
        "minecraft:variant": {
          "value": 3
        }
      },
      "citizen5": {
        "minecraft:variant": {
          "value": 4
        }
      },
      "citizen6": {
        "minecraft:variant": {
          "value": 5
        }
      }
    },
    "components": {
      "minecraft:annotation.open_door": {},
      "minecraft:behavior.avoid_mob_type": {
        "entity_types": [
          {
            "filters": {
              "any_of": [
                {
                  "subject": "other",
                  "test": "is_family",
                  "value": "zombie"
                },
                {
                  "subject": "other",
                  "test": "is_family",
                  "value": "zombie_villager"
                },
                {
                  "subject": "other",
                  "test": "is_family",
                  "value": "zombie_pigman"
                },
                {
                  "subject": "other",
                  "test": "is_family",
                  "value": "illager"
                },
                {
                  "subject": "other",
                  "test": "is_family",
                  "value": "vex"
                }
              ],
              "other_with_families": [
                "creeper",
                "irongolem",
                "ravager"
              ]
            },
            "max_dist": 8,
            "sprint_speed_multiplier": 0.6,
            "walk_speed_multiplier": 0.6
          }
        ],
        "priority": 3
      },
      "minecraft:behavior.float": {
        "priority": 0
      },
      "minecraft:behavior.follow_owner": {
        "priority": 6,
        "speed_multiplier": 1,
        "start_distance": 4,
        "stop_distance": 2
      },
      "minecraft:behavior.hurt_by_target": {
        "priority": 3,
        "entity_types": {
          "filters": {
            "test": "is_family",
            "subject": "other",
            "operator": "!\u003d",
            "value": "player"
          }
        }
      },
      "minecraft:behavior.look_at_player": {
        "look_distance": 8,
        "priority": 12,
        "probability": 0.02
      },
      "minecraft:behavior.move_indoors": {
        "priority": 4,
        "speed_multiplier": 0.8
      },
      "minecraft:behavior.move_towards_restriction": {
        "priority": 7,
        "speed_multiplier": 0.6
      },
      "minecraft:behavior.nearest_attackable_target": {
        "entity_types": [
          {
            "filters": {
              "any_of": [
                {
                  "subject": "other",
                  "test": "is_family",
                  "value": "adult_piglin"
                },
                {
                  "subject": "other",
                  "test": "is_family",
                  "value": "blaze"
                },
                {
                  "subject": "other",
                  "test": "is_family",
                  "value": "cavespider"
                },
                {
                  "subject": "other",
                  "test": "is_family",
                  "value": "combine"
                },
                {
                  "subject": "other",
                  "test": "is_family",
                  "value": "dragon"
                },
                {
                  "subject": "other",
                  "test": "is_family",
                  "value": "drowned"
                },
                {
                  "subject": "other",
                  "test": "is_family",
                  "value": "enderman"
                },
                {
                  "subject": "other",
                  "test": "is_family",
                  "value": "endermite"
                },
                {
                  "subject": "other",
                  "test": "is_family",
                  "value": "evocation_illager"
                },
                {
                  "subject": "other",
                  "test": "is_family",
                  "value": "ghast"
                },
                {
                  "subject": "other",
                  "test": "is_family",
                  "value": "guardian"
                },
                {
                  "subject": "other",
                  "test": "is_family",
                  "value": "guardian_elder"
                },
                {
                  "subject": "other",
                  "test": "is_family",
                  "value": "hoglin"
                },
                {
                  "subject": "other",
                  "test": "is_family",
                  "value": "hoglin_baby"
                },
                {
                  "subject": "other",
                  "test": "is_family",
                  "value": "husk"
                },
                {
                  "subject": "other",
                  "test": "is_family",
                  "value": "illager"
                },
                {
                  "subject": "other",
                  "test": "is_family",
                  "value": "irongolem"
                },
                {
                  "subject": "other",
                  "test": "is_family",
                  "value": "magmacube"
                },
                {
                  "subject": "other",
                  "test": "is_family",
                  "value": "phantom"
                },
                {
                  "subject": "other",
                  "test": "is_family",
                  "value": "piglin_brute"
                },
                {
                  "subject": "other",
                  "test": "is_family",
                  "value": "pillager"
                },
                {
                  "subject": "other",
                  "test": "is_family",
                  "value": "ravager"
                },
                {
                  "subject": "other",
                  "test": "is_family",
                  "value": "shulker"
                },
                {
                  "subject": "other",
                  "test": "is_family",
                  "value": "silverfish"
                },
                {
                  "subject": "other",
                  "test": "is_family",
                  "value": "skeleton"
                },
                {
                  "subject": "other",
                  "test": "is_family",
                  "value": "skeletonhorse"
                },
                {
                  "subject": "other",
                  "test": "is_family",
                  "value": "slime"
                },
                {
                  "subject": "other",
                  "test": "is_family",
                  "value": "snowgolem"
                },
                {
                  "subject": "other",
                  "test": "is_family",
                  "value": "spider"
                },
                {
                  "subject": "other",
                  "test": "is_family",
                  "value": "stray"
                },
                {
                  "subject": "other",
                  "test": "is_family",
                  "value": "strider"
                },
                {
                  "subject": "other",
                  "test": "is_family",
                  "value": "strider_baby"
                },
                {
                  "subject": "other",
                  "test": "is_family",
                  "value": "vex"
                },
                {
                  "subject": "other",
                  "test": "is_family",
                  "value": "villager"
                },
                {
                  "subject": "other",
                  "test": "is_family",
                  "value": "vindicator"
                },
                {
                  "subject": "other",
                  "test": "is_family",
                  "value": "wandering_trader"
                },
                {
                  "subject": "other",
                  "test": "is_family",
                  "value": "witch"
                },
                {
                  "subject": "other",
                  "test": "is_family",
                  "value": "wither"
                },
                {
                  "subject": "other",
                  "test": "is_family",
                  "value": "zombie"
                },
                {
                  "subject": "other",
                  "test": "is_family",
                  "value": "zombie_pigman"
                },
                {
                  "subject": "other",
                  "test": "is_family",
                  "value": "zombie_villager"
                },
                {
                  "subject": "other",
                  "test": "is_family",
                  "value": "zombiehorse"
                }
              ]
            },
            "max_dist": 16,
            "must_see": false
          }
        ],
        "must_reach": false,
        "must_see": false,
        "priority": 3,
        "speed_multiplier": 1,
        "within_radius": 16
      },
      "minecraft:behavior.open_door": {
        "close_door_after": true,
        "priority": 6
      },
      "minecraft:behavior.owner_hurt_by_target": {
        "priority": 1
      },
      "minecraft:behavior.owner_hurt_target": {
        "priority": 2
      },
      "minecraft:behavior.pickup_items": {
        "goal_radius": 2,
        "max_dist": 3,
        "priority": 9,
        "speed_multiplier": 0.5
      },
      "minecraft:behavior.random_stroll": {
        "priority": 11,
        "speed_multiplier": 0.6
      },
      "minecraft:behavior.ranged_attack": {
        "attack_interval_max": 2,
        "attack_interval_min": 1,
        "attack_radius": 12,
        "burst_interval": 0.01,
        "burst_shots": 2
      },
      "minecraft:behavior.restrict_open_door": {
        "priority": 5
      },
      "minecraft:behavior.share_items": {
        "entity_types": [
          {
            "filters": {
              "subject": "other",
              "test": "is_family",
              "value": "villager"
            }
          }
        ],
        "goal_radius": 2,
        "max_dist": 3,
        "priority": 8,
        "speed_multiplier": 0.5
      },
      "minecraft:breathable": {
        "suffocateTime": 0,
        "totalSupply": 15
      },
      "minecraft:can_climb": {},
      "minecraft:collision_box": {
        "height": 1.8,
        "width": 0.6
      },
      "minecraft:damage_sensor": [
        {
          "deals_damage": false,
          "on_damage": {
            "event": "become_witch",
            "filters": {
              "subject": "other",
              "test": "is_family",
              "value": "lightning"
            }
          }
        },
        {
          "deals_damage": true,
          "on_damage": {
            "event": "become_zombie",
            "filters": {
              "subject": "other",
              "test": "is_family",
              "value": "lightning"
            }
          }
        }
      ],
      "minecraft:equip_item": {},
      "minecraft:equipment": {
        "table": "loot_tables/entities/hl2_rebel_female_equipment.json"
      },
      "minecraft:experience_reward": {
        "on_death": "query.last_hit_by_player ? 0 : 0"
      },
      "minecraft:health": {
        "max": 16,
        "value": 16
      },
      "minecraft:jump.static": {},
      "minecraft:movement": {
        "value": 0.3
      },
      "minecraft:movement.basic": {},
      "minecraft:nameable": {
        "allowNameTagRenaming": false,
        "alwaysShow": false
      },
      "minecraft:navigation.walk": {
        "avoid_water": true,
        "can_open_doors": true,
        "can_pass_doors": true,
        "can_path_over_water": true,
        "can_walk": true,
        "is_amphibious": true
      },
      "minecraft:physics": {},
      "minecraft:scale": {
        "value": 1
      },
      "minecraft:shooter": {
        "def": "hl2:smg",
        "type": "SMG"
      },
      "minecraft:tameable": {
        "probability": 1,
        "tame_event": {
          "event": "minecraft:on_tame",
          "target": "self"
        },
        "tameItems": [
          "hl2:help"
        ]
      },
      "minecraft:type_family": {
        "family": [
          "player"
        ]
      }
    },
    "description": {
      "identifier": "hl2:rebel_female",
      "is_experimental": false,
      "is_spawnable": true,
      "is_summonable": true
    },
    "events": {
      "minecraft:become_citizen2": {
        "add": {
          "component_groups": [
            "citizen2",
            "adult"
          ]
        }
      },
      "minecraft:entity_born": {
        "sequence": [
          {
            "randomize": [
              {
                "add": {
                  "component_groups": [
                    "citizen1"
                  ]
                },
                "weight": 20
              },
              {
                "add": {
                  "component_groups": [
                    "citizen3"
                  ]
                },
                "weight": 20
              },
              {
                "add": {
                  "component_groups": [
                    "citizen6"
                  ]
                },
                "weight": 20
              },
              {
                "add": {
                  "component_groups": [
                    "citizen2"
                  ]
                },
                "weight": 20
              },
              {
                "add": {
                  "component_groups": [
                    "citizen4"
                  ]
                },
                "weight": 20
              },
              {
                "add": {
                  "component_groups": [
                    "citizen5"
                  ]
                },
                "weight": 20
              }
            ]
          }
        ]
      },
      "minecraft:entity_spawned": {
        "sequence": [
          {
            "filters": {
              "operator": "!\u003d",
              "test": "has_component",
              "value": "minecraft:variant"
            },
            "randomize": [
              {
                "add": {
                  "component_groups": [
                    "adult"
                  ]
                },
                "weight": 100
              }
            ]
          },
          {
            "filters": {
              "operator": "!\u003d",
              "test": "has_component",
              "value": "minecraft:variant"
            },
            "randomize": [
              {
                "add": {
                  "component_groups": [
                    "citizen1"
                  ]
                },
                "weight": 20
              },
              {
                "add": {
                  "component_groups": [
                    "citizen3"
                  ]
                },
                "weight": 20
              },
              {
                "add": {
                  "component_groups": [
                    "citizen6"
                  ]
                },
                "weight": 20
              },
              {
                "add": {
                  "component_groups": [
                    "citizen2"
                  ]
                },
                "weight": 20
              },
              {
                "add": {
                  "component_groups": [
                    "citizen4"
                  ]
                },
                "weight": 20
              },
              {
                "add": {
                  "component_groups": [
                    "citizen5"
                  ]
                },
                "weight": 20
              }
            ]
          }
        ]
      },
      "minecraft:spawn_citizen1": {
        "randomize": [
          {
            "add": {
              "component_groups": [
                "citizen1",
                "adult"
              ]
            },
            "weight": 5
          },
          {
            "add": {
              "component_groups": [
                "citizen3",
                "adult"
              ]
            },
            "weight": 5
          }
        ]
      },
      "minecraft:spawn_citizen2": {
        "add": {
          "component_groups": [
            "citizen2",
            "adult"
          ]
        }
      },
      "minecraft:spawn_citizen4": {
        "randomize": [
          {
            "add": {
              "component_groups": [
                "citizen4",
                "adult"
              ]
            },
            "weight": 100
          }
        ]
      },
      "minecraft:spawn_citizen5": {
        "randomize": [
          {
            "add": {
              "component_groups": [
                "citizen5",
                "adult"
              ]
            },
            "weight": 100
          }
        ]
      },
      "minecraft:spawn_citizen6": {
        "randomize": [
          {
            "add": {
              "component_groups": [
                "citizen6"
              ]
            },
            "weight": 100
          }
        ]
      }
    }
  }
}