{
  "format_version": "1.10.0",
  "minecraft:entity": {
    "component_groups": {
      "adult": {},
      "citizen4": {
        "minecraft:variant": {
          "value": 3
        }
      },
      "become_villager_v2": {
        "minecraft:transformation": {
          "into": "minecraft:villager_v2",
          "keep_level": true
        }
      },
      "citizen5": {
        "minecraft:variant": {
          "value": 4
        }
      },
      "citizen6": {
        "minecraft:variant": {
          "value": 5
        }
      },
      "citizen2": {
        "minecraft:variant": {
          "value": 1
        }
      },
      "citizen1": {
        "minecraft:variant": {
          "value": 0
        }
      },
      "citizen3": {
        "minecraft:variant": {
          "value": 2
        }
      }
    },
    "components": {
      "minecraft:annotation.open_door": {},
      "minecraft:behavior.avoid_mob_type": {
        "entity_types": [
          {
            "filters": {
              "any_of": [],
              "other_with_families": [
                "creeper",
                "irongolem",
                "ravager"
              ]
            },
            "max_dist": 8,
            "sprint_speed_multiplier": 0.6,
            "walk_speed_multiplier": 0.6
          }
        ],
        "priority": 3
      },
      "minecraft:behavior.float": {
        "priority": 0
      },
      "minecraft:behavior.hurt_by_target": {
        "priority": 3
      },
      "minecraft:behavior.look_at_player": {
        "look_distance": 8,
        "priority": 12,
        "probability": 0.02
      },
      "minecraft:behavior.move_indoors": {
        "priority": 4,
        "speed_multiplier": 0.8
      },
      "minecraft:behavior.move_towards_restriction": {
        "priority": 7,
        "speed_multiplier": 0.6
      },
      "minecraft:behavior.open_door": {
        "close_door_after": true,
        "priority": 6
      },
      "minecraft:behavior.owner_hurt_by_target": {
        "priority": 1
      },
      "minecraft:behavior.owner_hurt_target": {
        "priority": 2
      },
      "minecraft:behavior.panic": {
        "speed_multiplier": 1.25
      },
      "minecraft:behavior.pickup_items": {
        "goal_radius": 2,
        "max_dist": 3,
        "priority": 9,
        "speed_multiplier": 0.5
      },
      "minecraft:behavior.random_stroll": {
        "priority": 11,
        "speed_multiplier": 0.6
      },
      "minecraft:behavior.restrict_open_door": {
        "priority": 5
      },
      "minecraft:behavior.share_items": {
        "entity_types": [
          {
            "filters": {
              "subject": "other",
              "test": "is_family",
              "value": "villager"
            }
          }
        ],
        "goal_radius": 2,
        "max_dist": 3,
        "priority": 8,
        "speed_multiplier": 0.5
      },
      "minecraft:breathable": {
        "suffocateTime": 0,
        "totalSupply": 15
      },
      "minecraft:can_climb": {},
      "minecraft:collision_box": {
        "height": 1.8,
        "width": 0.6
      },
      "minecraft:equip_item": {},
      "minecraft:experience_reward": {
        "on_death": "query.last_hit_by_player ? 0 : 0"
      },
      "minecraft:health": {
        "max": 14,
        "value": 14
      },
      "minecraft:jump.static": {},
      "minecraft:movement": {
        "value": 0.3
      },
      "minecraft:movement.basic": {},
      "minecraft:nameable": {
        "allowNameTagRenaming": false,
        "alwaysShow": false
      },
      "minecraft:navigation.walk": {
        "avoid_water": true,
        "can_open_doors": true,
        "can_pass_doors": true,
        "can_path_over_water": true,
        "can_walk": true,
        "is_amphibious": true
      },
      "minecraft:physics": {},
      "minecraft:scale": {
        "value": 1
      },
      "minecraft:type_family": {
        "family": [
          "citizen"
        ]
      }
    },
    "description": {
      "identifier": "hl2:citizen_female",
      "is_experimental": false,
      "is_spawnable": true,
      "is_summonable": true
    },
    "events": {
      "minecraft:become_citizen2": {
        "add": {
          "component_groups": [
            "citizen2",
            "adult"
          ]
        }
      },
      "minecraft:entity_born": {
        "sequence": [
          {
            "randomize": [
              {
                "add": {
                  "component_groups": [
                    "citizen1"
                  ]
                },
                "weight": 20
              },
              {
                "add": {
                  "component_groups": [
                    "citizen3"
                  ]
                },
                "weight": 20
              },
              {
                "add": {
                  "component_groups": [
                    "citizen6"
                  ]
                },
                "weight": 20
              },
              {
                "add": {
                  "component_groups": [
                    "citizen2"
                  ]
                },
                "weight": 20
              },
              {
                "add": {
                  "component_groups": [
                    "citizen4"
                  ]
                },
                "weight": 20
              },
              {
                "add": {
                  "component_groups": [
                    "citizen5"
                  ]
                },
                "weight": 20
              }
            ]
          }
        ]
      },
      "minecraft:entity_spawned": {
        "sequence": [
          {
            "filters": {
              "operator": "!\u003d",
              "test": "has_component",
              "value": "minecraft:variant"
            },
            "randomize": [
              {
                "add": {
                  "component_groups": [
                    "adult"
                  ]
                },
                "weight": 100
              }
            ]
          },
          {
            "filters": {
              "operator": "!\u003d",
              "test": "has_component",
              "value": "minecraft:variant"
            },
            "randomize": [
              {
                "add": {
                  "component_groups": [
                    "citizen1"
                  ]
                },
                "weight": 20
              },
              {
                "add": {
                  "component_groups": [
                    "citizen3"
                  ]
                },
                "weight": 20
              },
              {
                "add": {
                  "component_groups": [
                    "citizen6"
                  ]
                },
                "weight": 20
              },
              {
                "add": {
                  "component_groups": [
                    "citizen2"
                  ]
                },
                "weight": 20
              },
              {
                "add": {
                  "component_groups": [
                    "citizen4"
                  ]
                },
                "weight": 20
              },
              {
                "add": {
                  "component_groups": [
                    "citizen5"
                  ]
                },
                "weight": 20
              }
            ]
          }
        ]
      },
      "minecraft:spawn_citizen4": {
        "randomize": [
          {
            "add": {
              "component_groups": [
                "citizen4",
                "adult"
              ]
            },
            "weight": 100
          }
        ]
      },
      "minecraft:spawn_citizen5": {
        "randomize": [
          {
            "add": {
              "component_groups": [
                "citizen5",
                "adult"
              ]
            },
            "weight": 100
          }
        ]
      },
      "minecraft:spawn_citizen2": {
        "add": {
          "component_groups": [
            "citizen2",
            "adult"
          ]
        }
      },
      "minecraft:spawn_citizen1": {
        "randomize": [
          {
            "add": {
              "component_groups": [
                "citizen1",
                "adult"
              ]
            },
            "weight": 5
          },
          {
            "add": {
              "component_groups": [
                "citizen3",
                "adult"
              ]
            },
            "weight": 5
          }
        ]
      },
      "minecraft:spawn_citizen6": {
        "randomize": [
          {
            "add": {
              "component_groups": [
                "citizen6"
              ]
            },
            "weight": 100
          }
        ]
      }
    }
  }
}